AnnualCrop	images/2750/AnnualCrop/AnnualCrop_1.jpg
AnnualCrop	images/2750/AnnualCrop/AnnualCrop_10.jpg
AnnualCrop	images/2750/AnnualCrop/AnnualCrop_100.jpg
AnnualCrop	images/2750/AnnualCrop/AnnualCrop_1000.jpg
AnnualCrop	images/2750/AnnualCrop/AnnualCrop_1001.jpg
AnnualCrop	images/2750/AnnualCrop/AnnualCrop_1002.jpg
AnnualCrop	images/2750/AnnualCrop/AnnualCrop_1003.jpg
AnnualCrop	images/2750/AnnualCrop/AnnualCrop_1004.jpg
AnnualCrop	images/2750/AnnualCrop/AnnualCrop_1005.jpg
AnnualCrop	images/2750/AnnualCrop/AnnualCrop_1006.jpg
